	feature	weigth
0	L1	0.7980873723061346
1	eth_status	-0.5891096759073031
2	cru_watchtower	0.9052534542870153
3	in_omniglot	0.5050712750478075
4	win10_input_method	0.5402267858424716
5	ubuntu_pack	0.44089692276882225
6	ubuntu_input	0.44089692276882225
7	office13_if_pack	0.45407589261367504
8	firefox_lpack	0.59278639272722
9	wp_inc	0.198661604004995
10	in_leipzig_corpora	0.5025160968923871
11	endangered_lex	0.010127744223388246
12	intercept	-1.583030554151856
